<annotation>
	<folder>lpnumber</folder>
	<filename>ia_6400001140.jpg</filename>
	<path>F:\Kanika\Project\License_Plate_Detection\lpnumber\ia_6400001140.jpg</path>
	<source>
		<database>Unknown</database>
	</source>
	<size>
		<width>460</width>
		<height>350</height>
		<depth>3</depth>
	</size>
	<segmented>0</segmented>
	<object>
		<name>lplate</name>
		<pose>Unspecified</pose>
		<truncated>0</truncated>
		<difficult>0</difficult>
		<bndbox>
			<xmin>328</xmin>
			<ymin>215</ymin>
			<xmax>393</xmax>
			<ymax>229</ymax>
		</bndbox>
	</object>
	<object>
		<name>lplate</name>
		<pose>Unspecified</pose>
		<truncated>1</truncated>
		<difficult>0</difficult>
		<bndbox>
			<xmin>1</xmin>
			<ymin>197</ymin>
			<xmax>44</xmax>
			<ymax>212</ymax>
		</bndbox>
	</object>
</annotation>
