<annotation>
	<folder>lpnumber</folder>
	<filename>ia_6400001831.jpg</filename>
	<path>F:\Kanika\Project\License_Plate_Detection\lpnumber\ia_6400001831.jpg</path>
	<source>
		<database>Unknown</database>
	</source>
	<size>
		<width>460</width>
		<height>350</height>
		<depth>3</depth>
	</size>
	<segmented>0</segmented>
	<object>
		<name>lplate</name>
		<pose>Unspecified</pose>
		<truncated>0</truncated>
		<difficult>0</difficult>
		<bndbox>
			<xmin>113</xmin>
			<ymin>230</ymin>
			<xmax>198</xmax>
			<ymax>276</ymax>
		</bndbox>
	</object>
</annotation>
