<annotation>
	<folder>lpnumber</folder>
	<filename>ia_6400001085.jpg</filename>
	<path>F:\Kanika\Project\License_Plate_Detection\lpnumber\ia_6400001085.jpg</path>
	<source>
		<database>Unknown</database>
	</source>
	<size>
		<width>460</width>
		<height>350</height>
		<depth>3</depth>
	</size>
	<segmented>0</segmented>
	<object>
		<name>lplate</name>
		<pose>Unspecified</pose>
		<truncated>0</truncated>
		<difficult>0</difficult>
		<bndbox>
			<xmin>267</xmin>
			<ymin>258</ymin>
			<xmax>324</xmax>
			<ymax>293</ymax>
		</bndbox>
	</object>
	<object>
		<name>lplate</name>
		<pose>Unspecified</pose>
		<truncated>0</truncated>
		<difficult>0</difficult>
		<bndbox>
			<xmin>298</xmin>
			<ymin>72</ymin>
			<xmax>316</xmax>
			<ymax>78</ymax>
		</bndbox>
	</object>
	<object>
		<name>lplate</name>
		<pose>Unspecified</pose>
		<truncated>0</truncated>
		<difficult>0</difficult>
		<bndbox>
			<xmin>67</xmin>
			<ymin>60</ymin>
			<xmax>75</xmax>
			<ymax>65</ymax>
		</bndbox>
	</object>
</annotation>
