<annotation>
	<folder>lpnumber</folder>
	<filename>ia_6400001215.jpg</filename>
	<path>F:\Kanika\Project\License_Plate_Detection\lpnumber\ia_6400001215.jpg</path>
	<source>
		<database>Unknown</database>
	</source>
	<size>
		<width>460</width>
		<height>350</height>
		<depth>3</depth>
	</size>
	<segmented>0</segmented>
	<object>
		<name>lplate</name>
		<pose>Unspecified</pose>
		<truncated>0</truncated>
		<difficult>0</difficult>
		<bndbox>
			<xmin>331</xmin>
			<ymin>259</ymin>
			<xmax>366</xmax>
			<ymax>280</ymax>
		</bndbox>
	</object>
	<object>
		<name>lplate</name>
		<pose>Unspecified</pose>
		<truncated>1</truncated>
		<difficult>0</difficult>
		<bndbox>
			<xmin>1</xmin>
			<ymin>192</ymin>
			<xmax>18</xmax>
			<ymax>197</ymax>
		</bndbox>
	</object>
</annotation>
