<annotation>
	<folder>lpnumber</folder>
	<filename>ia_6400001087.jpg</filename>
	<path>F:\Kanika\Project\License_Plate_Detection\lpnumber\ia_6400001087.jpg</path>
	<source>
		<database>Unknown</database>
	</source>
	<size>
		<width>460</width>
		<height>350</height>
		<depth>3</depth>
	</size>
	<segmented>0</segmented>
	<object>
		<name>lplate</name>
		<pose>Unspecified</pose>
		<truncated>0</truncated>
		<difficult>0</difficult>
		<bndbox>
			<xmin>339</xmin>
			<ymin>259</ymin>
			<xmax>390</xmax>
			<ymax>293</ymax>
		</bndbox>
	</object>
	<object>
		<name>lplate</name>
		<pose>Unspecified</pose>
		<truncated>0</truncated>
		<difficult>0</difficult>
		<bndbox>
			<xmin>433</xmin>
			<ymin>71</ymin>
			<xmax>452</xmax>
			<ymax>78</ymax>
		</bndbox>
	</object>
	<object>
		<name>lplate</name>
		<pose>Unspecified</pose>
		<truncated>0</truncated>
		<difficult>0</difficult>
		<bndbox>
			<xmin>30</xmin>
			<ymin>74</ymin>
			<xmax>42</xmax>
			<ymax>81</ymax>
		</bndbox>
	</object>
</annotation>
